method,method_display,seed,episode_index,episode_id,status,error,task_success,fallback_count,unsafe_invocation_count,violation_count,violation_types,completion_time_s,episode_dir,initial_upright_ok,reset_attempts
sonic_only,SONIC-only,1234,0,sonic_only__seed_1234__episode_0000,completed,,0,0,5,2,"[""human_distance_violation"", ""near_collision""]",26.781579732894897,/mnt/data/students/lph/recording/codex_goal_full_sota_online_comparison_20260606_235526/online/large_stage1_2seed10ep_all_methods/lane_v2_sonic_only__seed_1234__ep_000_002/online/sonic_only/seed_1234/episode_0000,1,1
sonic_only,SONIC-only,1234,1,sonic_only__seed_1234__episode_0001,completed,,0,0,8,34,"[""collision"", ""human_distance_violation"", ""near_collision"", ""unsafe_gesture""]",26.910901069641113,/mnt/data/students/lph/recording/codex_goal_full_sota_online_comparison_20260606_235526/online/large_stage1_2seed10ep_all_methods/lane_v2_sonic_only__seed_1234__ep_000_002/online/sonic_only/seed_1234/episode_0001,1,1
sonic_only,SONIC-only,1234,2,sonic_only__seed_1234__episode_0002,completed,,0,0,8,25,"[""collision"", ""human_distance_violation"", ""near_collision"", ""unsafe_gesture""]",26.558708429336548,/mnt/data/students/lph/recording/codex_goal_full_sota_online_comparison_20260606_235526/online/large_stage1_2seed10ep_all_methods/lane_v2_sonic_only__seed_1234__ep_002_004/online/sonic_only/seed_1234/episode_0002,1,1
sonic_only,SONIC-only,1234,3,sonic_only__seed_1234__episode_0003,completed,,0,0,8,26,"[""collision"", ""fall"", ""near_collision""]",27.584606885910034,/mnt/data/students/lph/recording/codex_goal_full_sota_online_comparison_20260606_235526/online/large_stage1_2seed10ep_all_methods/lane_v2_sonic_only__seed_1234__ep_002_004/online/sonic_only/seed_1234/episode_0003,1,1
sonic_only,SONIC-only,1234,4,sonic_only__seed_1234__episode_0004,completed,,0,0,5,2,"[""near_collision""]",26.44722318649292,/mnt/data/students/lph/recording/codex_goal_full_sota_online_comparison_20260606_235526/online/large_stage1_2seed10ep_all_methods/lane_v2_sonic_only__seed_1234__ep_004_006/online/sonic_only/seed_1234/episode_0004,1,1
sonic_only,SONIC-only,1234,5,sonic_only__seed_1234__episode_0005,completed,,0,0,8,64,"[""collision"", ""human_distance_violation"", ""near_collision""]",26.72575879096985,/mnt/data/students/lph/recording/codex_goal_full_sota_online_comparison_20260606_235526/online/large_stage1_2seed10ep_all_methods/lane_v2_sonic_only__seed_1234__ep_004_006/online/sonic_only/seed_1234/episode_0005,1,1
sonic_only,SONIC-only,1234,6,sonic_only__seed_1234__episode_0006,completed,,0,0,8,21,"[""collision"", ""human_distance_violation"", ""near_collision"", ""unsafe_gesture""]",26.788341999053955,/mnt/data/students/lph/recording/codex_goal_full_sota_online_comparison_20260606_235526/online/large_stage1_2seed10ep_all_methods/lane_v2_sonic_only__seed_1234__ep_006_008/online/sonic_only/seed_1234/episode_0006,1,1
sonic_only,SONIC-only,1234,7,sonic_only__seed_1234__episode_0007,completed,,0,0,8,39,"[""collision"", ""fall"", ""human_distance_violation"", ""near_collision""]",26.765357732772827,/mnt/data/students/lph/recording/codex_goal_full_sota_online_comparison_20260606_235526/online/large_stage1_2seed10ep_all_methods/lane_v2_sonic_only__seed_1234__ep_006_008/online/sonic_only/seed_1234/episode_0007,1,1
sonic_only,SONIC-only,1234,8,sonic_only__seed_1234__episode_0008,completed,,1,0,0,0,[],26.97629976272583,/mnt/data/students/lph/recording/codex_goal_full_sota_online_comparison_20260606_235526/online/large_stage1_2seed10ep_all_methods/lane_v2_sonic_only__seed_1234__ep_008_010/online/sonic_only/seed_1234/episode_0008,1,1
sonic_only,SONIC-only,1234,9,sonic_only__seed_1234__episode_0009,completed,,0,0,8,31,"[""collision"", ""human_distance_violation"", ""near_collision"", ""unsafe_gesture""]",26.70605969429016,/mnt/data/students/lph/recording/codex_goal_full_sota_online_comparison_20260606_235526/online/large_stage1_2seed10ep_all_methods/lane_v2_sonic_only__seed_1234__ep_008_010/online/sonic_only/seed_1234/episode_0009,1,1
sonic_only,SONIC-only,1235,0,sonic_only__seed_1235__episode_0000,completed,,0,0,8,6,"[""human_distance_violation"", ""near_collision""]",26.436933755874634,/mnt/data/students/lph/recording/codex_goal_full_sota_online_comparison_20260606_235526/online/large_stage1_2seed10ep_all_methods/lane_v2_sonic_only__seed_1235__ep_000_002/online/sonic_only/seed_1235/episode_0000,1,1
sonic_only,SONIC-only,1235,1,sonic_only__seed_1235__episode_0001,completed,,0,0,8,43,"[""collision"", ""human_distance_violation"", ""near_collision""]",26.454577207565308,/mnt/data/students/lph/recording/codex_goal_full_sota_online_comparison_20260606_235526/online/large_stage1_2seed10ep_all_methods/lane_v2_sonic_only__seed_1235__ep_000_002/online/sonic_only/seed_1235/episode_0001,1,1
sonic_only,SONIC-only,1235,2,sonic_only__seed_1235__episode_0002,completed,,0,0,8,40,"[""collision"", ""human_distance_violation"", ""near_collision"", ""unsafe_gesture""]",26.917308568954468,/mnt/data/students/lph/recording/codex_goal_full_sota_online_comparison_20260606_235526/online/large_stage1_2seed10ep_all_methods/lane_v2_sonic_only__seed_1235__ep_002_004/online/sonic_only/seed_1235/episode_0002,1,1
sonic_only,SONIC-only,1235,3,sonic_only__seed_1235__episode_0003,completed,,0,0,8,28,"[""collision"", ""fall"", ""near_collision""]",26.91914963722229,/mnt/data/students/lph/recording/codex_goal_full_sota_online_comparison_20260606_235526/online/large_stage1_2seed10ep_all_methods/lane_v2_sonic_only__seed_1235__ep_002_004/online/sonic_only/seed_1235/episode_0003,1,1
sonic_only,SONIC-only,1235,4,sonic_only__seed_1235__episode_0004,completed,,0,0,8,5,"[""collision"", ""human_distance_violation"", ""near_collision"", ""unsafe_gesture""]",26.174445867538452,/mnt/data/students/lph/recording/codex_goal_full_sota_online_comparison_20260606_235526/online/large_stage1_2seed10ep_all_methods/lane_v2_sonic_only__seed_1235__ep_004_006/online/sonic_only/seed_1235/episode_0004,1,1
sonic_only,SONIC-only,1235,5,sonic_only__seed_1235__episode_0005,completed,,0,0,8,35,"[""collision"", ""human_distance_violation"", ""near_collision"", ""unsafe_gesture""]",27.744078397750854,/mnt/data/students/lph/recording/codex_goal_full_sota_online_comparison_20260606_235526/online/large_stage1_2seed10ep_all_methods/lane_v2_sonic_only__seed_1235__ep_004_006/online/sonic_only/seed_1235/episode_0005,1,1
sonic_only,SONIC-only,1235,6,sonic_only__seed_1235__episode_0006,completed,,0,0,8,26,"[""collision"", ""fall"", ""human_distance_violation"", ""near_collision"", ""unsafe_gesture""]",26.92329430580139,/mnt/data/students/lph/recording/codex_goal_full_sota_online_comparison_20260606_235526/online/large_stage1_2seed10ep_all_methods/lane_v2_sonic_only__seed_1235__ep_006_008/online/sonic_only/seed_1235/episode_0006,1,1
sonic_only,SONIC-only,1235,7,sonic_only__seed_1235__episode_0007,completed,,0,0,8,77,"[""collision"", ""fall"", ""near_collision""]",27.566658973693848,/mnt/data/students/lph/recording/codex_goal_full_sota_online_comparison_20260606_235526/online/large_stage1_2seed10ep_all_methods/lane_v2_sonic_only__seed_1235__ep_006_008/online/sonic_only/seed_1235/episode_0007,1,1
sonic_only,SONIC-only,1235,8,sonic_only__seed_1235__episode_0008,completed,,0,0,2,3,"[""human_distance_violation""]",27.081174850463867,/mnt/data/students/lph/recording/codex_goal_full_sota_online_comparison_20260606_235526/online/large_stage1_2seed10ep_all_methods/lane_v2_sonic_only__seed_1235__ep_008_010/online/sonic_only/seed_1235/episode_0008,1,1
sonic_only,SONIC-only,1235,9,sonic_only__seed_1235__episode_0009,completed,,0,0,8,29,"[""collision"", ""human_distance_violation"", ""near_collision"", ""unsafe_gesture""]",26.91599202156067,/mnt/data/students/lph/recording/codex_goal_full_sota_online_comparison_20260606_235526/online/large_stage1_2seed10ep_all_methods/lane_v2_sonic_only__seed_1235__ep_008_010/online/sonic_only/seed_1235/episode_0009,1,1
hard_contract,SONIC + Hard Contract,1234,0,hard_contract__seed_1234__episode_0000,completed,,0,3,5,2,"[""human_distance_violation"", ""near_collision""]",20.246280431747437,/mnt/data/students/lph/recording/codex_goal_full_sota_online_comparison_20260606_235526/online/large_stage1_2seed10ep_all_methods/lane_v2_hard_contract__seed_1234__ep_000_002/online/hard_contract/seed_1234/episode_0000,1,1
hard_contract,SONIC + Hard Contract,1234,1,hard_contract__seed_1234__episode_0001,completed,,0,7,8,2,"[""human_distance_violation"", ""near_collision""]",15.136775255203247,/mnt/data/students/lph/recording/codex_goal_full_sota_online_comparison_20260606_235526/online/large_stage1_2seed10ep_all_methods/lane_v2_hard_contract__seed_1234__ep_000_002/online/hard_contract/seed_1234/episode_0001,1,1
hard_contract,SONIC + Hard Contract,1234,2,hard_contract__seed_1234__episode_0002,completed,,0,7,8,2,"[""human_distance_violation"", ""near_collision""]",14.519925832748413,/mnt/data/students/lph/recording/codex_goal_full_sota_online_comparison_20260606_235526/online/large_stage1_2seed10ep_all_methods/lane_v2_hard_contract__seed_1234__ep_002_004/online/hard_contract/seed_1234/episode_0002,1,1
hard_contract,SONIC + Hard Contract,1234,3,hard_contract__seed_1234__episode_0003,completed,,0,7,8,18,"[""collision"", ""fall"", ""near_collision""]",15.17739987373352,/mnt/data/students/lph/recording/codex_goal_full_sota_online_comparison_20260606_235526/online/large_stage1_2seed10ep_all_methods/lane_v2_hard_contract__seed_1234__ep_002_004/online/hard_contract/seed_1234/episode_0003,1,1
hard_contract,SONIC + Hard Contract,1234,4,hard_contract__seed_1234__episode_0004,completed,,0,7,8,1,"[""near_collision""]",17.89697027206421,/mnt/data/students/lph/recording/codex_goal_full_sota_online_comparison_20260606_235526/online/large_stage1_2seed10ep_all_methods/lane_v2_hard_contract__seed_1234__ep_004_006/online/hard_contract/seed_1234/episode_0004,1,1
hard_contract,SONIC + Hard Contract,1234,5,hard_contract__seed_1234__episode_0005,completed,,0,7,8,22,"[""collision"", ""human_distance_violation"", ""near_collision""]",17.666067361831665,/mnt/data/students/lph/recording/codex_goal_full_sota_online_comparison_20260606_235526/online/large_stage1_2seed10ep_all_methods/lane_v2_hard_contract__seed_1234__ep_004_006/online/hard_contract/seed_1234/episode_0005,1,1
hard_contract,SONIC + Hard Contract,1234,6,hard_contract__seed_1234__episode_0006,completed,,0,7,8,2,"[""human_distance_violation"", ""near_collision""]",17.430912256240845,/mnt/data/students/lph/recording/codex_goal_full_sota_online_comparison_20260606_235526/online/large_stage1_2seed10ep_all_methods/lane_v2_hard_contract__seed_1234__ep_006_008/online/hard_contract/seed_1234/episode_0006,1,1
hard_contract,SONIC + Hard Contract,1234,7,hard_contract__seed_1234__episode_0007,completed,,0,7,8,12,"[""collision"", ""fall"", ""human_distance_violation"", ""near_collision""]",18.23334503173828,/mnt/data/students/lph/recording/codex_goal_full_sota_online_comparison_20260606_235526/online/large_stage1_2seed10ep_all_methods/lane_v2_hard_contract__seed_1234__ep_006_008/online/hard_contract/seed_1234/episode_0007,1,1
hard_contract,SONIC + Hard Contract,1234,8,hard_contract__seed_1234__episode_0008,completed,,0,0,2,1,"[""human_distance_violation""]",26.623372316360474,/mnt/data/students/lph/recording/codex_goal_full_sota_online_comparison_20260606_235526/online/large_stage1_2seed10ep_all_methods/lane_v2_hard_contract__seed_1234__ep_008_010/online/hard_contract/seed_1234/episode_0008,1,1
hard_contract,SONIC + Hard Contract,1234,9,hard_contract__seed_1234__episode_0009,completed,,0,7,8,7,"[""collision"", ""human_distance_violation"", ""near_collision""]",18.28700351715088,/mnt/data/students/lph/recording/codex_goal_full_sota_online_comparison_20260606_235526/online/large_stage1_2seed10ep_all_methods/lane_v2_hard_contract__seed_1234__ep_008_010/online/hard_contract/seed_1234/episode_0009,1,1
hard_contract,SONIC + Hard Contract,1235,0,hard_contract__seed_1235__episode_0000,completed,,0,6,8,1,"[""human_distance_violation""]",18.944486618041992,/mnt/data/students/lph/recording/codex_goal_full_sota_online_comparison_20260606_235526/online/large_stage1_2seed10ep_all_methods/lane_v2_hard_contract__seed_1235__ep_000_002/online/hard_contract/seed_1235/episode_0000,1,1
hard_contract,SONIC + Hard Contract,1235,1,hard_contract__seed_1235__episode_0001,completed,,0,7,8,12,"[""collision"", ""human_distance_violation"", ""near_collision""]",18.102879524230957,/mnt/data/students/lph/recording/codex_goal_full_sota_online_comparison_20260606_235526/online/large_stage1_2seed10ep_all_methods/lane_v2_hard_contract__seed_1235__ep_000_002/online/hard_contract/seed_1235/episode_0001,1,1
hard_contract,SONIC + Hard Contract,1235,2,hard_contract__seed_1235__episode_0002,completed,,0,7,8,5,"[""collision"", ""human_distance_violation"", ""near_collision""]",17.195499658584595,/mnt/data/students/lph/recording/codex_goal_full_sota_online_comparison_20260606_235526/online/large_stage1_2seed10ep_all_methods/lane_v2_hard_contract__seed_1235__ep_002_004/online/hard_contract/seed_1235/episode_0002,1,1
hard_contract,SONIC + Hard Contract,1235,3,hard_contract__seed_1235__episode_0003,completed,,0,7,8,29,"[""collision"", ""fall"", ""near_collision""]",18.146592378616333,/mnt/data/students/lph/recording/codex_goal_full_sota_online_comparison_20260606_235526/online/large_stage1_2seed10ep_all_methods/lane_v2_hard_contract__seed_1235__ep_002_004/online/hard_contract/seed_1235/episode_0003,1,1
hard_contract,SONIC + Hard Contract,1235,4,hard_contract__seed_1235__episode_0004,completed,,0,7,8,1,"[""human_distance_violation""]",17.84460163116455,/mnt/data/students/lph/recording/codex_goal_full_sota_online_comparison_20260606_235526/online/large_stage1_2seed10ep_all_methods/lane_v2_hard_contract__seed_1235__ep_004_006/online/hard_contract/seed_1235/episode_0004,1,1
hard_contract,SONIC + Hard Contract,1235,5,hard_contract__seed_1235__episode_0005,completed,,0,7,8,10,"[""collision"", ""human_distance_violation"", ""near_collision""]",18.039520263671875,/mnt/data/students/lph/recording/codex_goal_full_sota_online_comparison_20260606_235526/online/large_stage1_2seed10ep_all_methods/lane_v2_hard_contract__seed_1235__ep_004_006/online/hard_contract/seed_1235/episode_0005,1,1
hard_contract,SONIC + Hard Contract,1235,6,hard_contract__seed_1235__episode_0006,completed,,0,7,8,17,"[""collision"", ""human_distance_violation"", ""near_collision""]",17.90200924873352,/mnt/data/students/lph/recording/codex_goal_full_sota_online_comparison_20260606_235526/online/large_stage1_2seed10ep_all_methods/lane_v2_hard_contract__seed_1235__ep_006_008/online/hard_contract/seed_1235/episode_0006,1,1
hard_contract,SONIC + Hard Contract,1235,7,hard_contract__seed_1235__episode_0007,completed,,0,4,6,31,"[""collision"", ""near_collision""]",21.210270643234253,/mnt/data/students/lph/recording/codex_goal_full_sota_online_comparison_20260606_235526/online/large_stage1_2seed10ep_all_methods/lane_v2_hard_contract__seed_1235__ep_006_008/online/hard_contract/seed_1235/episode_0007,1,1
hard_contract,SONIC + Hard Contract,1235,8,hard_contract__seed_1235__episode_0008,completed,,0,0,2,3,"[""human_distance_violation""]",26.994487285614014,/mnt/data/students/lph/recording/codex_goal_full_sota_online_comparison_20260606_235526/online/large_stage1_2seed10ep_all_methods/lane_v2_hard_contract__seed_1235__ep_008_010/online/hard_contract/seed_1235/episode_0008,1,1
hard_contract,SONIC + Hard Contract,1235,9,hard_contract__seed_1235__episode_0009,completed,,0,7,8,13,"[""collision"", ""human_distance_violation"", ""near_collision""]",17.940829753875732,/mnt/data/students/lph/recording/codex_goal_full_sota_online_comparison_20260606_235526/online/large_stage1_2seed10ep_all_methods/lane_v2_hard_contract__seed_1235__ep_008_010/online/hard_contract/seed_1235/episode_0009,1,1
raw_critic_0p5,SONIC + Raw Critic (0.5),1234,0,raw_critic_0p5__seed_1234__episode_0000,completed,,1,3,0,0,[],22.09955358505249,/mnt/data/students/lph/recording/codex_goal_full_sota_online_comparison_20260606_235526/online/large_stage1_2seed10ep_all_methods/lane_v2_raw_critic_0p5__seed_1234__ep_000_002/online/raw_critic_0p5/seed_1234/episode_0000,1,1
raw_critic_0p5,SONIC + Raw Critic (0.5),1234,1,raw_critic_0p5__seed_1234__episode_0001,completed,,0,4,5,1,"[""human_distance_violation""]",21.2464656829834,/mnt/data/students/lph/recording/codex_goal_full_sota_online_comparison_20260606_235526/online/large_stage1_2seed10ep_all_methods/lane_v2_raw_critic_0p5__seed_1234__ep_000_002/online/raw_critic_0p5/seed_1234/episode_0001,1,1
raw_critic_0p5,SONIC + Raw Critic (0.5),1234,2,raw_critic_0p5__seed_1234__episode_0002,completed,,0,4,4,4,"[""human_distance_violation"", ""near_collision""]",21.191330909729004,/mnt/data/students/lph/recording/codex_goal_full_sota_online_comparison_20260606_235526/online/large_stage1_2seed10ep_all_methods/lane_v2_raw_critic_0p5__seed_1234__ep_002_004/online/raw_critic_0p5/seed_1234/episode_0002,1,1
raw_critic_0p5,SONIC + Raw Critic (0.5),1234,3,raw_critic_0p5__seed_1234__episode_0003,completed,,0,6,6,10,"[""collision"", ""fall"", ""near_collision""]",16.89365267753601,/mnt/data/students/lph/recording/codex_goal_full_sota_online_comparison_20260606_235526/online/large_stage1_2seed10ep_all_methods/lane_v2_raw_critic_0p5__seed_1234__ep_002_004/online/raw_critic_0p5/seed_1234/episode_0003,1,1
raw_critic_0p5,SONIC + Raw Critic (0.5),1234,4,raw_critic_0p5__seed_1234__episode_0004,completed,,1,3,0,0,[],22.83251452445984,/mnt/data/students/lph/recording/codex_goal_full_sota_online_comparison_20260606_235526/online/large_stage1_2seed10ep_all_methods/lane_v2_raw_critic_0p5__seed_1234__ep_004_006/online/raw_critic_0p5/seed_1234/episode_0004,1,1
raw_critic_0p5,SONIC + Raw Critic (0.5),1234,5,raw_critic_0p5__seed_1234__episode_0005,completed,,1,3,0,0,[],21.787824869155884,/mnt/data/students/lph/recording/codex_goal_full_sota_online_comparison_20260606_235526/online/large_stage1_2seed10ep_all_methods/lane_v2_raw_critic_0p5__seed_1234__ep_004_006/online/raw_critic_0p5/seed_1234/episode_0005,1,1
raw_critic_0p5,SONIC + Raw Critic (0.5),1234,6,raw_critic_0p5__seed_1234__episode_0006,completed,,0,4,4,1,"[""human_distance_violation""]",18.274603366851807,/mnt/data/students/lph/recording/codex_goal_full_sota_online_comparison_20260606_235526/online/large_stage1_2seed10ep_all_methods/lane_v2_raw_critic_0p5__seed_1234__ep_006_008/online/raw_critic_0p5/seed_1234/episode_0006,1,1
raw_critic_0p5,SONIC + Raw Critic (0.5),1234,7,raw_critic_0p5__seed_1234__episode_0007,completed,,0,6,6,40,"[""collision"", ""fall"", ""human_distance_violation"", ""near_collision""]",14.932209730148315,/mnt/data/students/lph/recording/codex_goal_full_sota_online_comparison_20260606_235526/online/large_stage1_2seed10ep_all_methods/lane_v2_raw_critic_0p5__seed_1234__ep_006_008/online/raw_critic_0p5/seed_1234/episode_0007,1,1
raw_critic_0p5,SONIC + Raw Critic (0.5),1234,8,raw_critic_0p5__seed_1234__episode_0008,completed,,1,4,0,0,[],20.95380139350891,/mnt/data/students/lph/recording/codex_goal_full_sota_online_comparison_20260606_235526/online/large_stage1_2seed10ep_all_methods/lane_v2_raw_critic_0p5__seed_1234__ep_008_010/online/raw_critic_0p5/seed_1234/episode_0008,1,1
raw_critic_0p5,SONIC + Raw Critic (0.5),1234,9,raw_critic_0p5__seed_1234__episode_0009,completed,,1,3,0,0,[],22.175840377807617,/mnt/data/students/lph/recording/codex_goal_full_sota_online_comparison_20260606_235526/online/large_stage1_2seed10ep_all_methods/lane_v2_raw_critic_0p5__seed_1234__ep_008_010/online/raw_critic_0p5/seed_1234/episode_0009,1,1
raw_critic_0p5,SONIC + Raw Critic (0.5),1235,0,raw_critic_0p5__seed_1235__episode_0000,completed,,1,3,0,0,[],21.402052640914917,/mnt/data/students/lph/recording/codex_goal_full_sota_online_comparison_20260606_235526/online/large_stage1_2seed10ep_all_methods/lane_v2_raw_critic_0p5__seed_1235__ep_000_002/online/raw_critic_0p5/seed_1235/episode_0000,1,1
raw_critic_0p5,SONIC + Raw Critic (0.5),1235,1,raw_critic_0p5__seed_1235__episode_0001,completed,,0,4,4,2,"[""human_distance_violation"", ""near_collision""]",21.421696424484253,/mnt/data/students/lph/recording/codex_goal_full_sota_online_comparison_20260606_235526/online/large_stage1_2seed10ep_all_methods/lane_v2_raw_critic_0p5__seed_1235__ep_000_002/online/raw_critic_0p5/seed_1235/episode_0001,1,1
raw_critic_0p5,SONIC + Raw Critic (0.5),1235,2,raw_critic_0p5__seed_1235__episode_0002,completed,,0,4,4,3,"[""collision"", ""human_distance_violation"", ""near_collision""]",21.35724115371704,/mnt/data/students/lph/recording/codex_goal_full_sota_online_comparison_20260606_235526/online/large_stage1_2seed10ep_all_methods/lane_v2_raw_critic_0p5__seed_1235__ep_002_004/online/raw_critic_0p5/seed_1235/episode_0002,1,1
raw_critic_0p5,SONIC + Raw Critic (0.5),1235,3,raw_critic_0p5__seed_1235__episode_0003,completed,,0,7,6,2,"[""fall"", ""near_collision""]",16.469439268112183,/mnt/data/students/lph/recording/codex_goal_full_sota_online_comparison_20260606_235526/online/large_stage1_2seed10ep_all_methods/lane_v2_raw_critic_0p5__seed_1235__ep_002_004/online/raw_critic_0p5/seed_1235/episode_0003,1,1
raw_critic_0p5,SONIC + Raw Critic (0.5),1235,4,raw_critic_0p5__seed_1235__episode_0004,completed,,0,4,4,1,"[""near_collision""]",20.88607358932495,/mnt/data/students/lph/recording/codex_goal_full_sota_online_comparison_20260606_235526/online/large_stage1_2seed10ep_all_methods/lane_v2_raw_critic_0p5__seed_1235__ep_004_006/online/raw_critic_0p5/seed_1235/episode_0004,1,1
raw_critic_0p5,SONIC + Raw Critic (0.5),1235,5,raw_critic_0p5__seed_1235__episode_0005,completed,,0,3,4,8,"[""collision"", ""human_distance_violation"", ""near_collision""]",22.20360231399536,/mnt/data/students/lph/recording/codex_goal_full_sota_online_comparison_20260606_235526/online/large_stage1_2seed10ep_all_methods/lane_v2_raw_critic_0p5__seed_1235__ep_004_006/online/raw_critic_0p5/seed_1235/episode_0005,1,1
raw_critic_0p5,SONIC + Raw Critic (0.5),1235,6,raw_critic_0p5__seed_1235__episode_0006,completed,,1,3,0,0,[],20.898913860321045,/mnt/data/students/lph/recording/codex_goal_full_sota_online_comparison_20260606_235526/online/large_stage1_2seed10ep_all_methods/lane_v2_raw_critic_0p5__seed_1235__ep_006_008/online/raw_critic_0p5/seed_1235/episode_0006,1,1
raw_critic_0p5,SONIC + Raw Critic (0.5),1235,7,raw_critic_0p5__seed_1235__episode_0007,completed,,0,6,7,34,"[""collision"", ""fall"", ""near_collision""]",17.452205657958984,/mnt/data/students/lph/recording/codex_goal_full_sota_online_comparison_20260606_235526/online/large_stage1_2seed10ep_all_methods/lane_v2_raw_critic_0p5__seed_1235__ep_006_008/online/raw_critic_0p5/seed_1235/episode_0007,1,1
raw_critic_0p5,SONIC + Raw Critic (0.5),1235,8,raw_critic_0p5__seed_1235__episode_0008,completed,,1,2,0,0,[],23.125189304351807,/mnt/data/students/lph/recording/codex_goal_full_sota_online_comparison_20260606_235526/online/large_stage1_2seed10ep_all_methods/lane_v2_raw_critic_0p5__seed_1235__ep_008_010/online/raw_critic_0p5/seed_1235/episode_0008,1,1
raw_critic_0p5,SONIC + Raw Critic (0.5),1235,9,raw_critic_0p5__seed_1235__episode_0009,completed,,0,4,4,4,"[""collision"", ""human_distance_violation"", ""near_collision""]",21.20329236984253,/mnt/data/students/lph/recording/codex_goal_full_sota_online_comparison_20260606_235526/online/large_stage1_2seed10ep_all_methods/lane_v2_raw_critic_0p5__seed_1235__ep_008_010/online/raw_critic_0p5/seed_1235/episode_0009,1,1
global_conformal,SONIC + Global Conformal,1234,0,global_conformal__seed_1234__episode_0000,completed,,0,0,5,2,"[""human_distance_violation"", ""near_collision""]",26.65766930580139,/mnt/data/students/lph/recording/codex_goal_full_sota_online_comparison_20260606_235526/online/large_stage1_2seed10ep_all_methods/lane_v2_global_conformal__seed_1234__ep_000_002/online/global_conformal/seed_1234/episode_0000,1,1
global_conformal,SONIC + Global Conformal,1234,1,global_conformal__seed_1234__episode_0001,completed,,0,4,5,1,"[""human_distance_violation""]",21.75417733192444,/mnt/data/students/lph/recording/codex_goal_full_sota_online_comparison_20260606_235526/online/large_stage1_2seed10ep_all_methods/lane_v2_global_conformal__seed_1234__ep_000_002/online/global_conformal/seed_1234/episode_0001,1,1
global_conformal,SONIC + Global Conformal,1234,2,global_conformal__seed_1234__episode_0002,completed,,0,2,4,12,"[""collision"", ""human_distance_violation"", ""near_collision""]",23.562251329421997,/mnt/data/students/lph/recording/codex_goal_full_sota_online_comparison_20260606_235526/online/large_stage1_2seed10ep_all_methods/lane_v2_global_conformal__seed_1234__ep_002_004/online/global_conformal/seed_1234/episode_0002,1,1
global_conformal,SONIC + Global Conformal,1234,3,global_conformal__seed_1234__episode_0003,completed,,0,1,4,19,"[""collision"", ""fall"", ""near_collision""]",24.84303116798401,/mnt/data/students/lph/recording/codex_goal_full_sota_online_comparison_20260606_235526/online/large_stage1_2seed10ep_all_methods/lane_v2_global_conformal__seed_1234__ep_002_004/online/global_conformal/seed_1234/episode_0003,1,1
global_conformal,SONIC + Global Conformal,1234,4,global_conformal__seed_1234__episode_0004,completed,,0,1,4,1,"[""near_collision""]",24.686691761016846,/mnt/data/students/lph/recording/codex_goal_full_sota_online_comparison_20260606_235526/online/large_stage1_2seed10ep_all_methods/lane_v2_global_conformal__seed_1234__ep_004_006/online/global_conformal/seed_1234/episode_0004,1,1
global_conformal,SONIC + Global Conformal,1234,5,global_conformal__seed_1234__episode_0005,completed,,0,3,4,2,"[""human_distance_violation"", ""near_collision""]",22.899037837982178,/mnt/data/students/lph/recording/codex_goal_full_sota_online_comparison_20260606_235526/online/large_stage1_2seed10ep_all_methods/lane_v2_global_conformal__seed_1234__ep_004_006/online/global_conformal/seed_1234/episode_0005,1,1
global_conformal,SONIC + Global Conformal,1234,6,global_conformal__seed_1234__episode_0006,completed,,0,4,4,1,"[""human_distance_violation""]",20.69521737098694,/mnt/data/students/lph/recording/codex_goal_full_sota_online_comparison_20260606_235526/online/large_stage1_2seed10ep_all_methods/lane_v2_global_conformal__seed_1234__ep_006_008/online/global_conformal/seed_1234/episode_0006,1,1
global_conformal,SONIC + Global Conformal,1234,7,global_conformal__seed_1234__episode_0007,completed,,0,7,8,12,"[""collision"", ""fall"", ""human_distance_violation"", ""near_collision""]",17.457629680633545,/mnt/data/students/lph/recording/codex_goal_full_sota_online_comparison_20260606_235526/online/large_stage1_2seed10ep_all_methods/lane_v2_global_conformal__seed_1234__ep_006_008/online/global_conformal/seed_1234/episode_0007,1,1
global_conformal,SONIC + Global Conformal,1234,8,global_conformal__seed_1234__episode_0008,completed,,1,2,0,0,[],22.335763692855835,/mnt/data/students/lph/recording/codex_goal_full_sota_online_comparison_20260606_235526/online/large_stage1_2seed10ep_all_methods/lane_v2_global_conformal__seed_1234__ep_008_010/online/global_conformal/seed_1234/episode_0008,1,1
global_conformal,SONIC + Global Conformal,1234,9,global_conformal__seed_1234__episode_0009,completed,,1,3,0,0,[],23.320075035095215,/mnt/data/students/lph/recording/codex_goal_full_sota_online_comparison_20260606_235526/online/large_stage1_2seed10ep_all_methods/lane_v2_global_conformal__seed_1234__ep_008_010/online/global_conformal/seed_1234/episode_0009,1,1
global_conformal,SONIC + Global Conformal,1235,0,global_conformal__seed_1235__episode_0000,completed,,0,6,8,1,"[""human_distance_violation""]",19.842451572418213,/mnt/data/students/lph/recording/codex_goal_full_sota_online_comparison_20260606_235526/online/large_stage1_2seed10ep_all_methods/lane_v2_global_conformal__seed_1235__ep_000_002/online/global_conformal/seed_1235/episode_0000,1,1
global_conformal,SONIC + Global Conformal,1235,1,global_conformal__seed_1235__episode_0001,completed,,0,7,8,13,"[""collision"", ""human_distance_violation"", ""near_collision""]",17.83243703842163,/mnt/data/students/lph/recording/codex_goal_full_sota_online_comparison_20260606_235526/online/large_stage1_2seed10ep_all_methods/lane_v2_global_conformal__seed_1235__ep_000_002/online/global_conformal/seed_1235/episode_0001,1,1
global_conformal,SONIC + Global Conformal,1235,2,global_conformal__seed_1235__episode_0002,completed,,0,7,8,19,"[""collision"", ""human_distance_violation"", ""near_collision""]",17.624518156051636,/mnt/data/students/lph/recording/codex_goal_full_sota_online_comparison_20260606_235526/online/large_stage1_2seed10ep_all_methods/lane_v2_global_conformal__seed_1235__ep_002_004/online/global_conformal/seed_1235/episode_0002,1,1
global_conformal,SONIC + Global Conformal,1235,3,global_conformal__seed_1235__episode_0003,completed,,0,6,7,15,"[""collision"", ""fall"", ""near_collision""]",17.790878772735596,/mnt/data/students/lph/recording/codex_goal_full_sota_online_comparison_20260606_235526/online/large_stage1_2seed10ep_all_methods/lane_v2_global_conformal__seed_1235__ep_002_004/online/global_conformal/seed_1235/episode_0003,1,1
global_conformal,SONIC + Global Conformal,1235,4,global_conformal__seed_1235__episode_0004,completed,,1,2,0,0,[],22.970470666885376,/mnt/data/students/lph/recording/codex_goal_full_sota_online_comparison_20260606_235526/online/large_stage1_2seed10ep_all_methods/lane_v2_global_conformal__seed_1235__ep_004_006/online/global_conformal/seed_1235/episode_0004,1,1
global_conformal,SONIC + Global Conformal,1235,5,global_conformal__seed_1235__episode_0005,completed,,0,2,4,2,"[""human_distance_violation"", ""near_collision""]",23.30508303642273,/mnt/data/students/lph/recording/codex_goal_full_sota_online_comparison_20260606_235526/online/large_stage1_2seed10ep_all_methods/lane_v2_global_conformal__seed_1235__ep_004_006/online/global_conformal/seed_1235/episode_0005,1,1
global_conformal,SONIC + Global Conformal,1235,6,global_conformal__seed_1235__episode_0006,completed,,0,2,1,5,"[""collision"", ""human_distance_violation"", ""near_collision""]",22.908514976501465,/mnt/data/students/lph/recording/codex_goal_full_sota_online_comparison_20260606_235526/online/large_stage1_2seed10ep_all_methods/lane_v2_global_conformal__seed_1235__ep_006_008/online/global_conformal/seed_1235/episode_0006,1,1
global_conformal,SONIC + Global Conformal,1235,7,global_conformal__seed_1235__episode_0007,completed,,0,6,6,23,"[""collision"", ""fall"", ""near_collision""]",17.62750244140625,/mnt/data/students/lph/recording/codex_goal_full_sota_online_comparison_20260606_235526/online/large_stage1_2seed10ep_all_methods/lane_v2_global_conformal__seed_1235__ep_006_008/online/global_conformal/seed_1235/episode_0007,1,1
global_conformal,SONIC + Global Conformal,1235,8,global_conformal__seed_1235__episode_0008,completed,,1,4,0,0,[],17.64359712600708,/mnt/data/students/lph/recording/codex_goal_full_sota_online_comparison_20260606_235526/online/large_stage1_2seed10ep_all_methods/lane_v2_global_conformal__seed_1235__ep_008_010/online/global_conformal/seed_1235/episode_0008,1,1
global_conformal,SONIC + Global Conformal,1235,9,global_conformal__seed_1235__episode_0009,completed,,0,7,8,8,"[""collision"", ""human_distance_violation"", ""near_collision""]",14.74264931678772,/mnt/data/students/lph/recording/codex_goal_full_sota_online_comparison_20260606_235526/online/large_stage1_2seed10ep_all_methods/lane_v2_global_conformal__seed_1235__ep_008_010/online/global_conformal/seed_1235/episode_0009,1,1
casa_a_per_skill,SONIC + CASA-A (per-skill conformal),1234,0,casa_a_per_skill__seed_1234__episode_0000,completed,,0,1,5,2,"[""human_distance_violation"", ""near_collision""]",22.54573345184326,/mnt/data/students/lph/recording/codex_goal_full_sota_online_comparison_20260606_235526/online/large_stage1_2seed10ep_all_methods/lane_v2_casa_a_per_skill__seed_1234__ep_000_002/online/casa_a_per_skill/seed_1234/episode_0000,1,1
casa_a_per_skill,SONIC + CASA-A (per-skill conformal),1234,1,casa_a_per_skill__seed_1234__episode_0001,completed,,0,4,5,2,"[""human_distance_violation""]",18.63610076904297,/mnt/data/students/lph/recording/codex_goal_full_sota_online_comparison_20260606_235526/online/large_stage1_2seed10ep_all_methods/lane_v2_casa_a_per_skill__seed_1234__ep_000_002/online/casa_a_per_skill/seed_1234/episode_0001,1,1
casa_a_per_skill,SONIC + CASA-A (per-skill conformal),1234,2,casa_a_per_skill__seed_1234__episode_0002,completed,,0,3,4,1,"[""human_distance_violation""]",22.189753770828247,/mnt/data/students/lph/recording/codex_goal_full_sota_online_comparison_20260606_235526/online/large_stage1_2seed10ep_all_methods/lane_v2_casa_a_per_skill__seed_1234__ep_002_004/online/casa_a_per_skill/seed_1234/episode_0002,1,1
casa_a_per_skill,SONIC + CASA-A (per-skill conformal),1234,3,casa_a_per_skill__seed_1234__episode_0003,completed,,0,5,6,61,"[""collision"", ""fall"", ""near_collision""]",19.276803493499756,/mnt/data/students/lph/recording/codex_goal_full_sota_online_comparison_20260606_235526/online/large_stage1_2seed10ep_all_methods/lane_v2_casa_a_per_skill__seed_1234__ep_002_004/online/casa_a_per_skill/seed_1234/episode_0003,1,1
casa_a_per_skill,SONIC + CASA-A (per-skill conformal),1234,4,casa_a_per_skill__seed_1234__episode_0004,completed,,1,4,0,0,[],21.71685791015625,/mnt/data/students/lph/recording/codex_goal_full_sota_online_comparison_20260606_235526/online/large_stage1_2seed10ep_all_methods/lane_v2_casa_a_per_skill__seed_1234__ep_004_006/online/casa_a_per_skill/seed_1234/episode_0004,1,1
casa_a_per_skill,SONIC + CASA-A (per-skill conformal),1234,5,casa_a_per_skill__seed_1234__episode_0005,completed,,0,4,4,2,"[""human_distance_violation"", ""near_collision""]",21.541771411895752,/mnt/data/students/lph/recording/codex_goal_full_sota_online_comparison_20260606_235526/online/large_stage1_2seed10ep_all_methods/lane_v2_casa_a_per_skill__seed_1234__ep_004_006/online/casa_a_per_skill/seed_1234/episode_0005,1,1
casa_a_per_skill,SONIC + CASA-A (per-skill conformal),1234,6,casa_a_per_skill__seed_1234__episode_0006,completed,,0,4,4,1,"[""human_distance_violation""]",21.007293701171875,/mnt/data/students/lph/recording/codex_goal_full_sota_online_comparison_20260606_235526/online/large_stage1_2seed10ep_all_methods/lane_v2_casa_a_per_skill__seed_1234__ep_006_008/online/casa_a_per_skill/seed_1234/episode_0006,1,1
casa_a_per_skill,SONIC + CASA-A (per-skill conformal),1234,7,casa_a_per_skill__seed_1234__episode_0007,completed,,0,5,7,31,"[""collision"", ""fall"", ""human_distance_violation"", ""near_collision""]",19.213229656219482,/mnt/data/students/lph/recording/codex_goal_full_sota_online_comparison_20260606_235526/online/large_stage1_2seed10ep_all_methods/lane_v2_casa_a_per_skill__seed_1234__ep_006_008/online/casa_a_per_skill/seed_1234/episode_0007,1,1
casa_a_per_skill,SONIC + CASA-A (per-skill conformal),1234,8,casa_a_per_skill__seed_1234__episode_0008,completed,,1,4,0,0,[],20.93669891357422,/mnt/data/students/lph/recording/codex_goal_full_sota_online_comparison_20260606_235526/online/large_stage1_2seed10ep_all_methods/lane_v2_casa_a_per_skill__seed_1234__ep_008_010/online/casa_a_per_skill/seed_1234/episode_0008,1,1
casa_a_per_skill,SONIC + CASA-A (per-skill conformal),1234,9,casa_a_per_skill__seed_1234__episode_0009,completed,,1,3,0,0,[],21.14078140258789,/mnt/data/students/lph/recording/codex_goal_full_sota_online_comparison_20260606_235526/online/large_stage1_2seed10ep_all_methods/lane_v2_casa_a_per_skill__seed_1234__ep_008_010/online/casa_a_per_skill/seed_1234/episode_0009,1,1
casa_a_per_skill,SONIC + CASA-A (per-skill conformal),1235,0,casa_a_per_skill__seed_1235__episode_0000,completed,,0,6,4,3,"[""human_distance_violation""]",17.07640552520752,/mnt/data/students/lph/recording/codex_goal_full_sota_online_comparison_20260606_235526/online/large_stage1_2seed10ep_all_methods/lane_v2_casa_a_per_skill__seed_1235__ep_000_002/online/casa_a_per_skill/seed_1235/episode_0000,1,1
casa_a_per_skill,SONIC + CASA-A (per-skill conformal),1235,1,casa_a_per_skill__seed_1235__episode_0001,completed,,0,4,4,2,"[""human_distance_violation"", ""near_collision""]",18.77605128288269,/mnt/data/students/lph/recording/codex_goal_full_sota_online_comparison_20260606_235526/online/large_stage1_2seed10ep_all_methods/lane_v2_casa_a_per_skill__seed_1235__ep_000_002/online/casa_a_per_skill/seed_1235/episode_0001,1,1
casa_a_per_skill,SONIC + CASA-A (per-skill conformal),1235,2,casa_a_per_skill__seed_1235__episode_0002,completed,,0,4,4,4,"[""collision"", ""human_distance_violation"", ""near_collision""]",21.221829652786255,/mnt/data/students/lph/recording/codex_goal_full_sota_online_comparison_20260606_235526/online/large_stage1_2seed10ep_all_methods/lane_v2_casa_a_per_skill__seed_1235__ep_002_004/online/casa_a_per_skill/seed_1235/episode_0002,1,1
casa_a_per_skill,SONIC + CASA-A (per-skill conformal),1235,3,casa_a_per_skill__seed_1235__episode_0003,completed,,0,5,7,11,"[""collision"", ""fall"", ""near_collision""]",19.295467138290405,/mnt/data/students/lph/recording/codex_goal_full_sota_online_comparison_20260606_235526/online/large_stage1_2seed10ep_all_methods/lane_v2_casa_a_per_skill__seed_1235__ep_002_004/online/casa_a_per_skill/seed_1235/episode_0003,1,1
casa_a_per_skill,SONIC + CASA-A (per-skill conformal),1235,4,casa_a_per_skill__seed_1235__episode_0004,completed,,0,4,4,1,"[""near_collision""]",21.129558086395264,/mnt/data/students/lph/recording/codex_goal_full_sota_online_comparison_20260606_235526/online/large_stage1_2seed10ep_all_methods/lane_v2_casa_a_per_skill__seed_1235__ep_004_006/online/casa_a_per_skill/seed_1235/episode_0004,1,1
casa_a_per_skill,SONIC + CASA-A (per-skill conformal),1235,5,casa_a_per_skill__seed_1235__episode_0005,completed,,0,2,4,2,"[""human_distance_violation"", ""near_collision""]",23.6138699054718,/mnt/data/students/lph/recording/codex_goal_full_sota_online_comparison_20260606_235526/online/large_stage1_2seed10ep_all_methods/lane_v2_casa_a_per_skill__seed_1235__ep_004_006/online/casa_a_per_skill/seed_1235/episode_0005,1,1
casa_a_per_skill,SONIC + CASA-A (per-skill conformal),1235,6,casa_a_per_skill__seed_1235__episode_0006,completed,,0,2,1,5,"[""collision"", ""human_distance_violation"", ""near_collision""]",22.98002052307129,/mnt/data/students/lph/recording/codex_goal_full_sota_online_comparison_20260606_235526/online/large_stage1_2seed10ep_all_methods/lane_v2_casa_a_per_skill__seed_1235__ep_006_008/online/casa_a_per_skill/seed_1235/episode_0006,1,1
casa_a_per_skill,SONIC + CASA-A (per-skill conformal),1235,7,casa_a_per_skill__seed_1235__episode_0007,completed,,0,5,6,16,"[""collision"", ""fall"", ""near_collision""]",19.393036127090454,/mnt/data/students/lph/recording/codex_goal_full_sota_online_comparison_20260606_235526/online/large_stage1_2seed10ep_all_methods/lane_v2_casa_a_per_skill__seed_1235__ep_006_008/online/casa_a_per_skill/seed_1235/episode_0007,1,1
casa_a_per_skill,SONIC + CASA-A (per-skill conformal),1235,8,casa_a_per_skill__seed_1235__episode_0008,completed,,1,6,0,0,[],18.9137179851532,/mnt/data/students/lph/recording/codex_goal_full_sota_online_comparison_20260606_235526/online/large_stage1_2seed10ep_all_methods/lane_v2_casa_a_per_skill__seed_1235__ep_008_010/online/casa_a_per_skill/seed_1235/episode_0008,1,1
casa_a_per_skill,SONIC + CASA-A (per-skill conformal),1235,9,casa_a_per_skill__seed_1235__episode_0009,completed,,0,3,4,2,"[""human_distance_violation"", ""near_collision""]",21.616889715194702,/mnt/data/students/lph/recording/codex_goal_full_sota_online_comparison_20260606_235526/online/large_stage1_2seed10ep_all_methods/lane_v2_casa_a_per_skill__seed_1235__ep_008_010/online/casa_a_per_skill/seed_1235/episode_0009,1,1
clbf_lbac_adapted,CLBF-LBAC-adapted,1234,0,clbf_lbac_adapted__seed_1234__episode_0000,completed,,1,2,0,0,[],22.653951406478882,/mnt/data/students/lph/recording/codex_goal_full_sota_online_comparison_20260606_235526/online/large_stage1_2seed10ep_all_methods/lane_v2_clbf_lbac_adapted__seed_1234__ep_000_002/online/clbf_lbac_adapted/seed_1234/episode_0000,1,1
mpc_cbf_humanoid_adapted,MPC-CBF-Humanoid-adapted,1234,0,mpc_cbf_humanoid_adapted__seed_1234__episode_0000,completed,,1,2,0,0,[],23.199208974838257,/mnt/data/students/lph/recording/codex_goal_full_sota_online_comparison_20260606_235526/online/large_stage1_2seed10ep_all_methods/lane_v2_mpc_cbf_humanoid_adapted__seed_1234__ep_000_002/online/mpc_cbf_humanoid_adapted/seed_1234/episode_0000,1,1
pcbf_adapted,PCBF-adapted,1234,0,pcbf_adapted__seed_1234__episode_0000,completed,,0,6,8,1,"[""near_collision""]",18.5421621799469,/mnt/data/students/lph/recording/codex_goal_full_sota_online_comparison_20260606_235526/online/large_stage1_2seed10ep_all_methods/lane_v2_pcbf_adapted__seed_1234__ep_000_002/online/pcbf_adapted/seed_1234/episode_0000,1,1
safedpa_adapted,SafeDPA-adapted,1234,0,safedpa_adapted__seed_1234__episode_0000,completed,,1,2,0,0,[],23.143670082092285,/mnt/data/students/lph/recording/codex_goal_full_sota_online_comparison_20260606_235526/online/large_stage1_2seed10ep_all_methods/lane_v2_safedpa_adapted__seed_1234__ep_000_002/online/safedpa_adapted/seed_1234/episode_0000,1,1
safer_splat_cbf_adapted,SAFER-Splat-CBF-adapted,1234,0,safer_splat_cbf_adapted__seed_1234__episode_0000,completed,,0,3,5,2,"[""human_distance_violation"", ""near_collision""]",23.440083742141724,/mnt/data/students/lph/recording/codex_goal_full_sota_online_comparison_20260606_235526/online/large_stage1_2seed10ep_all_methods/lane_v2_safer_splat_cbf_adapted__seed_1234__ep_000_002/online/safer_splat_cbf_adapted/seed_1234/episode_0000,1,1
clbf_lbac_adapted,CLBF-LBAC-adapted,1234,1,clbf_lbac_adapted__seed_1234__episode_0001,completed,,0,2,1,2,"[""human_distance_violation"", ""near_collision""]",22.88637065887451,/mnt/data/students/lph/recording/codex_goal_full_sota_online_comparison_20260606_235526/online/large_stage1_2seed10ep_all_methods/lane_v2_clbf_lbac_adapted__seed_1234__ep_000_002/online/clbf_lbac_adapted/seed_1234/episode_0001,1,1
mpc_cbf_humanoid_adapted,MPC-CBF-Humanoid-adapted,1234,1,mpc_cbf_humanoid_adapted__seed_1234__episode_0001,completed,,1,4,0,0,[],19.467888593673706,/mnt/data/students/lph/recording/codex_goal_full_sota_online_comparison_20260606_235526/online/large_stage1_2seed10ep_all_methods/lane_v2_mpc_cbf_humanoid_adapted__seed_1234__ep_000_002/online/mpc_cbf_humanoid_adapted/seed_1234/episode_0001,1,1
pcbf_adapted,PCBF-adapted,1234,1,pcbf_adapted__seed_1234__episode_0001,completed,,0,4,5,1,"[""human_distance_violation""]",21.714636087417603,/mnt/data/students/lph/recording/codex_goal_full_sota_online_comparison_20260606_235526/online/large_stage1_2seed10ep_all_methods/lane_v2_pcbf_adapted__seed_1234__ep_000_002/online/pcbf_adapted/seed_1234/episode_0001,1,1
safedpa_adapted,SafeDPA-adapted,1234,1,safedpa_adapted__seed_1234__episode_0001,completed,,0,4,5,1,"[""human_distance_violation""]",21.266929388046265,/mnt/data/students/lph/recording/codex_goal_full_sota_online_comparison_20260606_235526/online/large_stage1_2seed10ep_all_methods/lane_v2_safedpa_adapted__seed_1234__ep_000_002/online/safedpa_adapted/seed_1234/episode_0001,1,1
safer_splat_cbf_adapted,SAFER-Splat-CBF-adapted,1234,1,safer_splat_cbf_adapted__seed_1234__episode_0001,completed,,0,7,8,2,"[""human_distance_violation"", ""near_collision""]",17.87032437324524,/mnt/data/students/lph/recording/codex_goal_full_sota_online_comparison_20260606_235526/online/large_stage1_2seed10ep_all_methods/lane_v2_safer_splat_cbf_adapted__seed_1234__ep_000_002/online/safer_splat_cbf_adapted/seed_1234/episode_0001,1,1
clbf_lbac_adapted,CLBF-LBAC-adapted,1234,2,clbf_lbac_adapted__seed_1234__episode_0002,completed,,0,7,8,3,"[""collision"", ""human_distance_violation"", ""near_collision""]",17.583563089370728,/mnt/data/students/lph/recording/codex_goal_full_sota_online_comparison_20260606_235526/online/large_stage1_2seed10ep_all_methods/lane_v2_clbf_lbac_adapted__seed_1234__ep_002_004/online/clbf_lbac_adapted/seed_1234/episode_0002,1,1
mpc_cbf_humanoid_adapted,MPC-CBF-Humanoid-adapted,1234,2,mpc_cbf_humanoid_adapted__seed_1234__episode_0002,completed,,1,3,0,0,[],20.459346055984497,/mnt/data/students/lph/recording/codex_goal_full_sota_online_comparison_20260606_235526/online/large_stage1_2seed10ep_all_methods/lane_v2_mpc_cbf_humanoid_adapted__seed_1234__ep_002_004/online/mpc_cbf_humanoid_adapted/seed_1234/episode_0002,1,1
pcbf_adapted,PCBF-adapted,1234,2,pcbf_adapted__seed_1234__episode_0002,completed,,0,3,4,1,"[""human_distance_violation""]",22.037431716918945,/mnt/data/students/lph/recording/codex_goal_full_sota_online_comparison_20260606_235526/online/large_stage1_2seed10ep_all_methods/lane_v2_pcbf_adapted__seed_1234__ep_002_004/online/pcbf_adapted/seed_1234/episode_0002,1,1
safedpa_adapted,SafeDPA-adapted,1234,2,safedpa_adapted__seed_1234__episode_0002,completed,,0,4,4,1,"[""human_distance_violation""]",21.41758394241333,/mnt/data/students/lph/recording/codex_goal_full_sota_online_comparison_20260606_235526/online/large_stage1_2seed10ep_all_methods/lane_v2_safedpa_adapted__seed_1234__ep_002_004/online/safedpa_adapted/seed_1234/episode_0002,1,1
safer_splat_cbf_adapted,SAFER-Splat-CBF-adapted,1234,2,safer_splat_cbf_adapted__seed_1234__episode_0002,completed,,0,7,8,2,"[""human_distance_violation"", ""near_collision""]",14.813024044036865,/mnt/data/students/lph/recording/codex_goal_full_sota_online_comparison_20260606_235526/online/large_stage1_2seed10ep_all_methods/lane_v2_safer_splat_cbf_adapted__seed_1234__ep_002_004/online/safer_splat_cbf_adapted/seed_1234/episode_0002,1,1
clbf_lbac_adapted,CLBF-LBAC-adapted,1234,3,clbf_lbac_adapted__seed_1234__episode_0003,completed,,0,7,8,12,"[""collision"", ""fall"", ""near_collision""]",18.121131658554077,/mnt/data/students/lph/recording/codex_goal_full_sota_online_comparison_20260606_235526/online/large_stage1_2seed10ep_all_methods/lane_v2_clbf_lbac_adapted__seed_1234__ep_002_004/online/clbf_lbac_adapted/seed_1234/episode_0003,1,1
mpc_cbf_humanoid_adapted,MPC-CBF-Humanoid-adapted,1234,3,mpc_cbf_humanoid_adapted__seed_1234__episode_0003,completed,,0,6,6,10,"[""collision"", ""fall"", ""near_collision""]",16.340742826461792,/mnt/data/students/lph/recording/codex_goal_full_sota_online_comparison_20260606_235526/online/large_stage1_2seed10ep_all_methods/lane_v2_mpc_cbf_humanoid_adapted__seed_1234__ep_002_004/online/mpc_cbf_humanoid_adapted/seed_1234/episode_0003,1,1
pcbf_adapted,PCBF-adapted,1234,3,pcbf_adapted__seed_1234__episode_0003,completed,,0,6,6,13,"[""collision"", ""fall"", ""near_collision""]",17.274497985839844,/mnt/data/students/lph/recording/codex_goal_full_sota_online_comparison_20260606_235526/online/large_stage1_2seed10ep_all_methods/lane_v2_pcbf_adapted__seed_1234__ep_002_004/online/pcbf_adapted/seed_1234/episode_0003,1,1
safedpa_adapted,SafeDPA-adapted,1234,3,safedpa_adapted__seed_1234__episode_0003,completed,,0,6,6,10,"[""collision"", ""fall"", ""near_collision""]",17.162206649780273,/mnt/data/students/lph/recording/codex_goal_full_sota_online_comparison_20260606_235526/online/large_stage1_2seed10ep_all_methods/lane_v2_safedpa_adapted__seed_1234__ep_002_004/online/safedpa_adapted/seed_1234/episode_0003,1,1
safer_splat_cbf_adapted,SAFER-Splat-CBF-adapted,1234,3,safer_splat_cbf_adapted__seed_1234__episode_0003,completed,,0,4,6,5,"[""collision"", ""fall"", ""near_collision""]",18.350687742233276,/mnt/data/students/lph/recording/codex_goal_full_sota_online_comparison_20260606_235526/online/large_stage1_2seed10ep_all_methods/lane_v2_safer_splat_cbf_adapted__seed_1234__ep_002_004/online/safer_splat_cbf_adapted/seed_1234/episode_0003,1,1
clbf_lbac_adapted,CLBF-LBAC-adapted,1234,4,clbf_lbac_adapted__seed_1234__episode_0004,completed,,0,6,8,1,"[""near_collision""]",18.50271224975586,/mnt/data/students/lph/recording/codex_goal_full_sota_online_comparison_20260606_235526/online/large_stage1_2seed10ep_all_methods/lane_v2_clbf_lbac_adapted__seed_1234__ep_004_006/online/clbf_lbac_adapted/seed_1234/episode_0004,1,1
mpc_cbf_humanoid_adapted,MPC-CBF-Humanoid-adapted,1234,4,mpc_cbf_humanoid_adapted__seed_1234__episode_0004,completed,,1,2,0,0,[],23.061153650283813,/mnt/data/students/lph/recording/codex_goal_full_sota_online_comparison_20260606_235526/online/large_stage1_2seed10ep_all_methods/lane_v2_mpc_cbf_humanoid_adapted__seed_1234__ep_004_006/online/mpc_cbf_humanoid_adapted/seed_1234/episode_0004,1,1
pcbf_adapted,PCBF-adapted,1234,4,pcbf_adapted__seed_1234__episode_0004,completed,,0,6,8,1,"[""near_collision""]",18.53585720062256,/mnt/data/students/lph/recording/codex_goal_full_sota_online_comparison_20260606_235526/online/large_stage1_2seed10ep_all_methods/lane_v2_pcbf_adapted__seed_1234__ep_004_006/online/pcbf_adapted/seed_1234/episode_0004,1,1
safedpa_adapted,SafeDPA-adapted,1234,4,safedpa_adapted__seed_1234__episode_0004,completed,,1,1,0,0,[],25.50741481781006,/mnt/data/students/lph/recording/codex_goal_full_sota_online_comparison_20260606_235526/online/large_stage1_2seed10ep_all_methods/lane_v2_safedpa_adapted__seed_1234__ep_004_006/online/safedpa_adapted/seed_1234/episode_0004,1,1
safer_splat_cbf_adapted,SAFER-Splat-CBF-adapted,1234,4,safer_splat_cbf_adapted__seed_1234__episode_0004,completed,,0,6,8,1,"[""near_collision""]",19.008370876312256,/mnt/data/students/lph/recording/codex_goal_full_sota_online_comparison_20260606_235526/online/large_stage1_2seed10ep_all_methods/lane_v2_safer_splat_cbf_adapted__seed_1234__ep_004_006/online/safer_splat_cbf_adapted/seed_1234/episode_0004,1,1
clbf_lbac_adapted,CLBF-LBAC-adapted,1234,5,clbf_lbac_adapted__seed_1234__episode_0005,completed,,0,7,8,8,"[""collision"", ""human_distance_violation"", ""near_collision""]",17.568992376327515,/mnt/data/students/lph/recording/codex_goal_full_sota_online_comparison_20260606_235526/online/large_stage1_2seed10ep_all_methods/lane_v2_clbf_lbac_adapted__seed_1234__ep_004_006/online/clbf_lbac_adapted/seed_1234/episode_0005,1,1
mpc_cbf_humanoid_adapted,MPC-CBF-Humanoid-adapted,1234,5,mpc_cbf_humanoid_adapted__seed_1234__episode_0005,completed,,1,3,0,0,[],21.109636068344116,/mnt/data/students/lph/recording/codex_goal_full_sota_online_comparison_20260606_235526/online/large_stage1_2seed10ep_all_methods/lane_v2_mpc_cbf_humanoid_adapted__seed_1234__ep_004_006/online/mpc_cbf_humanoid_adapted/seed_1234/episode_0005,1,1
pcbf_adapted,PCBF-adapted,1234,5,pcbf_adapted__seed_1234__episode_0005,completed,,0,3,4,1,"[""near_collision""]",22.21050262451172,/mnt/data/students/lph/recording/codex_goal_full_sota_online_comparison_20260606_235526/online/large_stage1_2seed10ep_all_methods/lane_v2_pcbf_adapted__seed_1234__ep_004_006/online/pcbf_adapted/seed_1234/episode_0005,1,1
safedpa_adapted,SafeDPA-adapted,1234,5,safedpa_adapted__seed_1234__episode_0005,completed,,0,2,1,2,"[""human_distance_violation"", ""near_collision""]",23.475577354431152,/mnt/data/students/lph/recording/codex_goal_full_sota_online_comparison_20260606_235526/online/large_stage1_2seed10ep_all_methods/lane_v2_safedpa_adapted__seed_1234__ep_004_006/online/safedpa_adapted/seed_1234/episode_0005,1,1
safer_splat_cbf_adapted,SAFER-Splat-CBF-adapted,1234,5,safer_splat_cbf_adapted__seed_1234__episode_0005,completed,,0,7,8,14,"[""collision"", ""human_distance_violation"", ""near_collision""]",17.922367572784424,/mnt/data/students/lph/recording/codex_goal_full_sota_online_comparison_20260606_235526/online/large_stage1_2seed10ep_all_methods/lane_v2_safer_splat_cbf_adapted__seed_1234__ep_004_006/online/safer_splat_cbf_adapted/seed_1234/episode_0005,1,1
clbf_lbac_adapted,CLBF-LBAC-adapted,1234,6,clbf_lbac_adapted__seed_1234__episode_0006,completed,,0,7,8,2,"[""human_distance_violation"", ""near_collision""]",17.34741449356079,/mnt/data/students/lph/recording/codex_goal_full_sota_online_comparison_20260606_235526/online/large_stage1_2seed10ep_all_methods/lane_v2_clbf_lbac_adapted__seed_1234__ep_006_008/online/clbf_lbac_adapted/seed_1234/episode_0006,1,1
mpc_cbf_humanoid_adapted,MPC-CBF-Humanoid-adapted,1234,6,mpc_cbf_humanoid_adapted__seed_1234__episode_0006,completed,,1,3,0,0,[],18.330537796020508,/mnt/data/students/lph/recording/codex_goal_full_sota_online_comparison_20260606_235526/online/large_stage1_2seed10ep_all_methods/lane_v2_mpc_cbf_humanoid_adapted__seed_1234__ep_006_008/online/mpc_cbf_humanoid_adapted/seed_1234/episode_0006,1,1
pcbf_adapted,PCBF-adapted,1234,6,pcbf_adapted__seed_1234__episode_0006,completed,,0,4,4,1,"[""human_distance_violation""]",18.222557067871094,/mnt/data/students/lph/recording/codex_goal_full_sota_online_comparison_20260606_235526/online/large_stage1_2seed10ep_all_methods/lane_v2_pcbf_adapted__seed_1234__ep_006_008/online/pcbf_adapted/seed_1234/episode_0006,1,1
safedpa_adapted,SafeDPA-adapted,1234,6,safedpa_adapted__seed_1234__episode_0006,completed,,0,4,4,1,"[""human_distance_violation""]",21.228822469711304,/mnt/data/students/lph/recording/codex_goal_full_sota_online_comparison_20260606_235526/online/large_stage1_2seed10ep_all_methods/lane_v2_safedpa_adapted__seed_1234__ep_006_008/online/safedpa_adapted/seed_1234/episode_0006,1,1
safer_splat_cbf_adapted,SAFER-Splat-CBF-adapted,1234,6,safer_splat_cbf_adapted__seed_1234__episode_0006,completed,,0,7,8,2,"[""human_distance_violation"", ""near_collision""]",17.265681266784668,/mnt/data/students/lph/recording/codex_goal_full_sota_online_comparison_20260606_235526/online/large_stage1_2seed10ep_all_methods/lane_v2_safer_splat_cbf_adapted__seed_1234__ep_006_008/online/safer_splat_cbf_adapted/seed_1234/episode_0006,1,1
clbf_lbac_adapted,CLBF-LBAC-adapted,1234,7,clbf_lbac_adapted__seed_1234__episode_0007,completed,,0,7,8,14,"[""collision"", ""fall"", ""human_distance_violation"", ""near_collision""]",17.29850482940674,/mnt/data/students/lph/recording/codex_goal_full_sota_online_comparison_20260606_235526/online/large_stage1_2seed10ep_all_methods/lane_v2_clbf_lbac_adapted__seed_1234__ep_006_008/online/clbf_lbac_adapted/seed_1234/episode_0007,1,1
mpc_cbf_humanoid_adapted,MPC-CBF-Humanoid-adapted,1234,7,mpc_cbf_humanoid_adapted__seed_1234__episode_0007,completed,,0,6,6,7,"[""collision"", ""fall"", ""human_distance_violation"", ""near_collision""]",15.28538966178894,/mnt/data/students/lph/recording/codex_goal_full_sota_online_comparison_20260606_235526/online/large_stage1_2seed10ep_all_methods/lane_v2_mpc_cbf_humanoid_adapted__seed_1234__ep_006_008/online/mpc_cbf_humanoid_adapted/seed_1234/episode_0007,1,1
pcbf_adapted,PCBF-adapted,1234,7,pcbf_adapted__seed_1234__episode_0007,completed,,0,7,8,20,"[""collision"", ""fall"", ""human_distance_violation"", ""near_collision""]",15.244548559188843,/mnt/data/students/lph/recording/codex_goal_full_sota_online_comparison_20260606_235526/online/large_stage1_2seed10ep_all_methods/lane_v2_pcbf_adapted__seed_1234__ep_006_008/online/pcbf_adapted/seed_1234/episode_0007,1,1
safedpa_adapted,SafeDPA-adapted,1234,7,safedpa_adapted__seed_1234__episode_0007,completed,,0,6,7,40,"[""collision"", ""fall"", ""human_distance_violation"", ""near_collision""]",17.339443922042847,/mnt/data/students/lph/recording/codex_goal_full_sota_online_comparison_20260606_235526/online/large_stage1_2seed10ep_all_methods/lane_v2_safedpa_adapted__seed_1234__ep_006_008/online/safedpa_adapted/seed_1234/episode_0007,1,1
safer_splat_cbf_adapted,SAFER-Splat-CBF-adapted,1234,7,safer_splat_cbf_adapted__seed_1234__episode_0007,completed,,0,6,7,8,"[""collision"", ""fall"", ""human_distance_violation"", ""near_collision""]",17.396355628967285,/mnt/data/students/lph/recording/codex_goal_full_sota_online_comparison_20260606_235526/online/large_stage1_2seed10ep_all_methods/lane_v2_safer_splat_cbf_adapted__seed_1234__ep_006_008/online/safer_splat_cbf_adapted/seed_1234/episode_0007,1,1
clbf_lbac_adapted,CLBF-LBAC-adapted,1234,8,clbf_lbac_adapted__seed_1234__episode_0008,completed,,1,1,0,0,[],24.44329023361206,/mnt/data/students/lph/recording/codex_goal_full_sota_online_comparison_20260606_235526/online/large_stage1_2seed10ep_all_methods/lane_v2_clbf_lbac_adapted__seed_1234__ep_008_010/online/clbf_lbac_adapted/seed_1234/episode_0008,1,1
mpc_cbf_humanoid_adapted,MPC-CBF-Humanoid-adapted,1234,8,mpc_cbf_humanoid_adapted__seed_1234__episode_0008,completed,,1,2,0,0,[],22.694657564163208,/mnt/data/students/lph/recording/codex_goal_full_sota_online_comparison_20260606_235526/online/large_stage1_2seed10ep_all_methods/lane_v2_mpc_cbf_humanoid_adapted__seed_1234__ep_008_010/online/mpc_cbf_humanoid_adapted/seed_1234/episode_0008,1,1
pcbf_adapted,PCBF-adapted,1234,8,pcbf_adapted__seed_1234__episode_0008,completed,,1,2,0,0,[],23.117027044296265,/mnt/data/students/lph/recording/codex_goal_full_sota_online_comparison_20260606_235526/online/large_stage1_2seed10ep_all_methods/lane_v2_pcbf_adapted__seed_1234__ep_008_010/online/pcbf_adapted/seed_1234/episode_0008,1,1
safedpa_adapted,SafeDPA-adapted,1234,8,safedpa_adapted__seed_1234__episode_0008,completed,,1,1,0,0,[],24.231422901153564,/mnt/data/students/lph/recording/codex_goal_full_sota_online_comparison_20260606_235526/online/large_stage1_2seed10ep_all_methods/lane_v2_safedpa_adapted__seed_1234__ep_008_010/online/safedpa_adapted/seed_1234/episode_0008,1,1
safer_splat_cbf_adapted,SAFER-Splat-CBF-adapted,1234,8,safer_splat_cbf_adapted__seed_1234__episode_0008,completed,,1,0,0,0,[],27.109694242477417,/mnt/data/students/lph/recording/codex_goal_full_sota_online_comparison_20260606_235526/online/large_stage1_2seed10ep_all_methods/lane_v2_safer_splat_cbf_adapted__seed_1234__ep_008_010/online/safer_splat_cbf_adapted/seed_1234/episode_0008,1,1
clbf_lbac_adapted,CLBF-LBAC-adapted,1234,9,clbf_lbac_adapted__seed_1234__episode_0009,completed,,0,7,8,12,"[""collision"", ""human_distance_violation"", ""near_collision""]",17.823930263519287,/mnt/data/students/lph/recording/codex_goal_full_sota_online_comparison_20260606_235526/online/large_stage1_2seed10ep_all_methods/lane_v2_clbf_lbac_adapted__seed_1234__ep_008_010/online/clbf_lbac_adapted/seed_1234/episode_0009,1,1
mpc_cbf_humanoid_adapted,MPC-CBF-Humanoid-adapted,1234,9,mpc_cbf_humanoid_adapted__seed_1234__episode_0009,completed,,1,3,0,0,[],21.307401657104492,/mnt/data/students/lph/recording/codex_goal_full_sota_online_comparison_20260606_235526/online/large_stage1_2seed10ep_all_methods/lane_v2_mpc_cbf_humanoid_adapted__seed_1234__ep_008_010/online/mpc_cbf_humanoid_adapted/seed_1234/episode_0009,1,1
pcbf_adapted,PCBF-adapted,1234,9,pcbf_adapted__seed_1234__episode_0009,completed,,1,3,0,0,[],21.3342764377594,/mnt/data/students/lph/recording/codex_goal_full_sota_online_comparison_20260606_235526/online/large_stage1_2seed10ep_all_methods/lane_v2_pcbf_adapted__seed_1234__ep_008_010/online/pcbf_adapted/seed_1234/episode_0009,1,1
safedpa_adapted,SafeDPA-adapted,1234,9,safedpa_adapted__seed_1234__episode_0009,completed,,0,2,1,2,"[""human_distance_violation"", ""near_collision""]",23.09433913230896,/mnt/data/students/lph/recording/codex_goal_full_sota_online_comparison_20260606_235526/online/large_stage1_2seed10ep_all_methods/lane_v2_safedpa_adapted__seed_1234__ep_008_010/online/safedpa_adapted/seed_1234/episode_0009,1,1
safer_splat_cbf_adapted,SAFER-Splat-CBF-adapted,1234,9,safer_splat_cbf_adapted__seed_1234__episode_0009,completed,,0,7,8,8,"[""collision"", ""human_distance_violation"", ""near_collision""]",17.870243072509766,/mnt/data/students/lph/recording/codex_goal_full_sota_online_comparison_20260606_235526/online/large_stage1_2seed10ep_all_methods/lane_v2_safer_splat_cbf_adapted__seed_1234__ep_008_010/online/safer_splat_cbf_adapted/seed_1234/episode_0009,1,1
clbf_lbac_adapted,CLBF-LBAC-adapted,1235,0,clbf_lbac_adapted__seed_1235__episode_0000,completed,,0,2,5,3,"[""human_distance_violation""]",23.24897289276123,/mnt/data/students/lph/recording/codex_goal_full_sota_online_comparison_20260606_235526/online/large_stage1_2seed10ep_all_methods/lane_v2_clbf_lbac_adapted__seed_1235__ep_000_002/online/clbf_lbac_adapted/seed_1235/episode_0000,1,1
mpc_cbf_humanoid_adapted,MPC-CBF-Humanoid-adapted,1235,0,mpc_cbf_humanoid_adapted__seed_1235__episode_0000,completed,,1,3,0,0,[],21.15782642364502,/mnt/data/students/lph/recording/codex_goal_full_sota_online_comparison_20260606_235526/online/large_stage1_2seed10ep_all_methods/lane_v2_mpc_cbf_humanoid_adapted__seed_1235__ep_000_002/online/mpc_cbf_humanoid_adapted/seed_1235/episode_0000,1,1
pcbf_adapted,PCBF-adapted,1235,0,pcbf_adapted__seed_1235__episode_0000,completed,,0,2,6,5,"[""human_distance_violation""]",22.799144983291626,/mnt/data/students/lph/recording/codex_goal_full_sota_online_comparison_20260606_235526/online/large_stage1_2seed10ep_all_methods/lane_v2_pcbf_adapted__seed_1235__ep_000_002/online/pcbf_adapted/seed_1235/episode_0000,1,1
safedpa_adapted,SafeDPA-adapted,1235,0,safedpa_adapted__seed_1235__episode_0000,completed,,1,2,0,0,[],22.377517461776733,/mnt/data/students/lph/recording/codex_goal_full_sota_online_comparison_20260606_235526/online/large_stage1_2seed10ep_all_methods/lane_v2_safedpa_adapted__seed_1235__ep_000_002/online/safedpa_adapted/seed_1235/episode_0000,1,1
safer_splat_cbf_adapted,SAFER-Splat-CBF-adapted,1235,0,safer_splat_cbf_adapted__seed_1235__episode_0000,completed,,0,3,8,4,"[""human_distance_violation"", ""near_collision""]",23.522068738937378,/mnt/data/students/lph/recording/codex_goal_full_sota_online_comparison_20260606_235526/online/large_stage1_2seed10ep_all_methods/lane_v2_safer_splat_cbf_adapted__seed_1235__ep_000_002/online/safer_splat_cbf_adapted/seed_1235/episode_0000,1,1
clbf_lbac_adapted,CLBF-LBAC-adapted,1235,1,clbf_lbac_adapted__seed_1235__episode_0001,completed,,0,7,8,3,"[""collision"", ""human_distance_violation"", ""near_collision""]",18.230134963989258,/mnt/data/students/lph/recording/codex_goal_full_sota_online_comparison_20260606_235526/online/large_stage1_2seed10ep_all_methods/lane_v2_clbf_lbac_adapted__seed_1235__ep_000_002/online/clbf_lbac_adapted/seed_1235/episode_0001,1,1
mpc_cbf_humanoid_adapted,MPC-CBF-Humanoid-adapted,1235,1,mpc_cbf_humanoid_adapted__seed_1235__episode_0001,completed,,0,4,4,2,"[""human_distance_violation"", ""near_collision""]",21.212056398391724,/mnt/data/students/lph/recording/codex_goal_full_sota_online_comparison_20260606_235526/online/large_stage1_2seed10ep_all_methods/lane_v2_mpc_cbf_humanoid_adapted__seed_1235__ep_000_002/online/mpc_cbf_humanoid_adapted/seed_1235/episode_0001,1,1
pcbf_adapted,PCBF-adapted,1235,1,pcbf_adapted__seed_1235__episode_0001,completed,,0,4,4,2,"[""human_distance_violation"", ""near_collision""]",20.953360080718994,/mnt/data/students/lph/recording/codex_goal_full_sota_online_comparison_20260606_235526/online/large_stage1_2seed10ep_all_methods/lane_v2_pcbf_adapted__seed_1235__ep_000_002/online/pcbf_adapted/seed_1235/episode_0001,1,1
safedpa_adapted,SafeDPA-adapted,1235,1,safedpa_adapted__seed_1235__episode_0001,completed,,0,4,4,2,"[""human_distance_violation"", ""near_collision""]",20.94198989868164,/mnt/data/students/lph/recording/codex_goal_full_sota_online_comparison_20260606_235526/online/large_stage1_2seed10ep_all_methods/lane_v2_safedpa_adapted__seed_1235__ep_000_002/online/safedpa_adapted/seed_1235/episode_0001,1,1
safer_splat_cbf_adapted,SAFER-Splat-CBF-adapted,1235,1,safer_splat_cbf_adapted__seed_1235__episode_0001,completed,,0,7,8,15,"[""collision"", ""human_distance_violation"", ""near_collision""]",18.017476320266724,/mnt/data/students/lph/recording/codex_goal_full_sota_online_comparison_20260606_235526/online/large_stage1_2seed10ep_all_methods/lane_v2_safer_splat_cbf_adapted__seed_1235__ep_000_002/online/safer_splat_cbf_adapted/seed_1235/episode_0001,1,1
clbf_lbac_adapted,CLBF-LBAC-adapted,1235,2,clbf_lbac_adapted__seed_1235__episode_0002,completed,,0,7,8,19,"[""collision"", ""human_distance_violation"", ""near_collision""]",17.599218130111694,/mnt/data/students/lph/recording/codex_goal_full_sota_online_comparison_20260606_235526/online/large_stage1_2seed10ep_all_methods/lane_v2_clbf_lbac_adapted__seed_1235__ep_002_004/online/clbf_lbac_adapted/seed_1235/episode_0002,1,1
mpc_cbf_humanoid_adapted,MPC-CBF-Humanoid-adapted,1235,2,mpc_cbf_humanoid_adapted__seed_1235__episode_0002,completed,,1,3,0,0,[],21.09958577156067,/mnt/data/students/lph/recording/codex_goal_full_sota_online_comparison_20260606_235526/online/large_stage1_2seed10ep_all_methods/lane_v2_mpc_cbf_humanoid_adapted__seed_1235__ep_002_004/online/mpc_cbf_humanoid_adapted/seed_1235/episode_0002,1,1
pcbf_adapted,PCBF-adapted,1235,2,pcbf_adapted__seed_1235__episode_0002,completed,,0,4,4,4,"[""collision"", ""human_distance_violation"", ""near_collision""]",21.302910804748535,/mnt/data/students/lph/recording/codex_goal_full_sota_online_comparison_20260606_235526/online/large_stage1_2seed10ep_all_methods/lane_v2_pcbf_adapted__seed_1235__ep_002_004/online/pcbf_adapted/seed_1235/episode_0002,1,1
safedpa_adapted,SafeDPA-adapted,1235,2,safedpa_adapted__seed_1235__episode_0002,completed,,0,4,4,7,"[""collision"", ""human_distance_violation"", ""near_collision""]",20.892757892608643,/mnt/data/students/lph/recording/codex_goal_full_sota_online_comparison_20260606_235526/online/large_stage1_2seed10ep_all_methods/lane_v2_safedpa_adapted__seed_1235__ep_002_004/online/safedpa_adapted/seed_1235/episode_0002,1,1
safer_splat_cbf_adapted,SAFER-Splat-CBF-adapted,1235,2,safer_splat_cbf_adapted__seed_1235__episode_0002,completed,,0,7,8,8,"[""collision"", ""human_distance_violation"", ""near_collision""]",14.252882480621338,/mnt/data/students/lph/recording/codex_goal_full_sota_online_comparison_20260606_235526/online/large_stage1_2seed10ep_all_methods/lane_v2_safer_splat_cbf_adapted__seed_1235__ep_002_004/online/safer_splat_cbf_adapted/seed_1235/episode_0002,1,1
clbf_lbac_adapted,CLBF-LBAC-adapted,1235,3,clbf_lbac_adapted__seed_1235__episode_0003,completed,,0,7,8,21,"[""collision"", ""fall"", ""near_collision""]",18.29137134552002,/mnt/data/students/lph/recording/codex_goal_full_sota_online_comparison_20260606_235526/online/large_stage1_2seed10ep_all_methods/lane_v2_clbf_lbac_adapted__seed_1235__ep_002_004/online/clbf_lbac_adapted/seed_1235/episode_0003,1,1
mpc_cbf_humanoid_adapted,MPC-CBF-Humanoid-adapted,1235,3,mpc_cbf_humanoid_adapted__seed_1235__episode_0003,completed,,0,6,7,8,"[""collision"", ""fall"", ""near_collision""]",17.56411361694336,/mnt/data/students/lph/recording/codex_goal_full_sota_online_comparison_20260606_235526/online/large_stage1_2seed10ep_all_methods/lane_v2_mpc_cbf_humanoid_adapted__seed_1235__ep_002_004/online/mpc_cbf_humanoid_adapted/seed_1235/episode_0003,1,1
pcbf_adapted,PCBF-adapted,1235,3,pcbf_adapted__seed_1235__episode_0003,completed,,0,6,7,8,"[""collision"", ""fall"", ""near_collision""]",17.417876482009888,/mnt/data/students/lph/recording/codex_goal_full_sota_online_comparison_20260606_235526/online/large_stage1_2seed10ep_all_methods/lane_v2_pcbf_adapted__seed_1235__ep_002_004/online/pcbf_adapted/seed_1235/episode_0003,1,1
safedpa_adapted,SafeDPA-adapted,1235,3,safedpa_adapted__seed_1235__episode_0003,completed,,0,6,7,15,"[""collision"", ""fall"", ""near_collision""]",17.224848985671997,/mnt/data/students/lph/recording/codex_goal_full_sota_online_comparison_20260606_235526/online/large_stage1_2seed10ep_all_methods/lane_v2_safedpa_adapted__seed_1235__ep_002_004/online/safedpa_adapted/seed_1235/episode_0003,1,1
safer_splat_cbf_adapted,SAFER-Splat-CBF-adapted,1235,3,safer_splat_cbf_adapted__seed_1235__episode_0003,completed,,0,5,6,13,"[""collision"", ""fall"", ""near_collision""]",16.165767431259155,/mnt/data/students/lph/recording/codex_goal_full_sota_online_comparison_20260606_235526/online/large_stage1_2seed10ep_all_methods/lane_v2_safer_splat_cbf_adapted__seed_1235__ep_002_004/online/safer_splat_cbf_adapted/seed_1235/episode_0003,1,1
clbf_lbac_adapted,CLBF-LBAC-adapted,1235,4,clbf_lbac_adapted__seed_1235__episode_0004,completed,,0,7,8,1,"[""human_distance_violation""]",14.585840940475464,/mnt/data/students/lph/recording/codex_goal_full_sota_online_comparison_20260606_235526/online/large_stage1_2seed10ep_all_methods/lane_v2_clbf_lbac_adapted__seed_1235__ep_004_006/online/clbf_lbac_adapted/seed_1235/episode_0004,1,1
mpc_cbf_humanoid_adapted,MPC-CBF-Humanoid-adapted,1235,4,mpc_cbf_humanoid_adapted__seed_1235__episode_0004,completed,,0,4,4,1,"[""near_collision""]",20.92249608039856,/mnt/data/students/lph/recording/codex_goal_full_sota_online_comparison_20260606_235526/online/large_stage1_2seed10ep_all_methods/lane_v2_mpc_cbf_humanoid_adapted__seed_1235__ep_004_006/online/mpc_cbf_humanoid_adapted/seed_1235/episode_0004,1,1
pcbf_adapted,PCBF-adapted,1235,4,pcbf_adapted__seed_1235__episode_0004,completed,,1,2,0,0,[],23.209019660949707,/mnt/data/students/lph/recording/codex_goal_full_sota_online_comparison_20260606_235526/online/large_stage1_2seed10ep_all_methods/lane_v2_pcbf_adapted__seed_1235__ep_004_006/online/pcbf_adapted/seed_1235/episode_0004,1,1
safedpa_adapted,SafeDPA-adapted,1235,4,safedpa_adapted__seed_1235__episode_0004,completed,,0,1,2,7,"[""collision"", ""near_collision""]",24.656738996505737,/mnt/data/students/lph/recording/codex_goal_full_sota_online_comparison_20260606_235526/online/large_stage1_2seed10ep_all_methods/lane_v2_safedpa_adapted__seed_1235__ep_004_006/online/safedpa_adapted/seed_1235/episode_0004,1,1
safer_splat_cbf_adapted,SAFER-Splat-CBF-adapted,1235,4,safer_splat_cbf_adapted__seed_1235__episode_0004,completed,,0,7,8,1,"[""human_distance_violation""]",17.32649302482605,/mnt/data/students/lph/recording/codex_goal_full_sota_online_comparison_20260606_235526/online/large_stage1_2seed10ep_all_methods/lane_v2_safer_splat_cbf_adapted__seed_1235__ep_004_006/online/safer_splat_cbf_adapted/seed_1235/episode_0004,1,1
clbf_lbac_adapted,CLBF-LBAC-adapted,1235,5,clbf_lbac_adapted__seed_1235__episode_0005,completed,,0,7,8,4,"[""collision"", ""human_distance_violation"", ""near_collision""]",14.847187280654907,/mnt/data/students/lph/recording/codex_goal_full_sota_online_comparison_20260606_235526/online/large_stage1_2seed10ep_all_methods/lane_v2_clbf_lbac_adapted__seed_1235__ep_004_006/online/clbf_lbac_adapted/seed_1235/episode_0005,1,1
mpc_cbf_humanoid_adapted,MPC-CBF-Humanoid-adapted,1235,5,mpc_cbf_humanoid_adapted__seed_1235__episode_0005,completed,,1,3,0,0,[],21.197790384292603,/mnt/data/students/lph/recording/codex_goal_full_sota_online_comparison_20260606_235526/online/large_stage1_2seed10ep_all_methods/lane_v2_mpc_cbf_humanoid_adapted__seed_1235__ep_004_006/online/mpc_cbf_humanoid_adapted/seed_1235/episode_0005,1,1
pcbf_adapted,PCBF-adapted,1235,5,pcbf_adapted__seed_1235__episode_0005,completed,,0,4,4,6,"[""collision"", ""human_distance_violation"", ""near_collision""]",22.241580486297607,/mnt/data/students/lph/recording/codex_goal_full_sota_online_comparison_20260606_235526/online/large_stage1_2seed10ep_all_methods/lane_v2_pcbf_adapted__seed_1235__ep_004_006/online/pcbf_adapted/seed_1235/episode_0005,1,1
safedpa_adapted,SafeDPA-adapted,1235,5,safedpa_adapted__seed_1235__episode_0005,completed,,0,4,4,10,"[""collision"", ""human_distance_violation"", ""near_collision""]",21.2752366065979,/mnt/data/students/lph/recording/codex_goal_full_sota_online_comparison_20260606_235526/online/large_stage1_2seed10ep_all_methods/lane_v2_safedpa_adapted__seed_1235__ep_004_006/online/safedpa_adapted/seed_1235/episode_0005,1,1
safer_splat_cbf_adapted,SAFER-Splat-CBF-adapted,1235,5,safer_splat_cbf_adapted__seed_1235__episode_0005,completed,,0,7,8,4,"[""collision"", ""human_distance_violation"", ""near_collision""]",17.608818531036377,/mnt/data/students/lph/recording/codex_goal_full_sota_online_comparison_20260606_235526/online/large_stage1_2seed10ep_all_methods/lane_v2_safer_splat_cbf_adapted__seed_1235__ep_004_006/online/safer_splat_cbf_adapted/seed_1235/episode_0005,1,1
clbf_lbac_adapted,CLBF-LBAC-adapted,1235,6,clbf_lbac_adapted__seed_1235__episode_0006,completed,,0,2,1,3,"[""collision"", ""human_distance_violation"", ""near_collision""]",22.428168535232544,/mnt/data/students/lph/recording/codex_goal_full_sota_online_comparison_20260606_235526/online/large_stage1_2seed10ep_all_methods/lane_v2_clbf_lbac_adapted__seed_1235__ep_006_008/online/clbf_lbac_adapted/seed_1235/episode_0006,1,1
mpc_cbf_humanoid_adapted,MPC-CBF-Humanoid-adapted,1235,6,mpc_cbf_humanoid_adapted__seed_1235__episode_0006,completed,,1,4,0,0,[],19.16747236251831,/mnt/data/students/lph/recording/codex_goal_full_sota_online_comparison_20260606_235526/online/large_stage1_2seed10ep_all_methods/lane_v2_mpc_cbf_humanoid_adapted__seed_1235__ep_006_008/online/mpc_cbf_humanoid_adapted/seed_1235/episode_0006,1,1
pcbf_adapted,PCBF-adapted,1235,6,pcbf_adapted__seed_1235__episode_0006,completed,,0,3,3,2,"[""human_distance_violation""]",21.053770542144775,/mnt/data/students/lph/recording/codex_goal_full_sota_online_comparison_20260606_235526/online/large_stage1_2seed10ep_all_methods/lane_v2_pcbf_adapted__seed_1235__ep_006_008/online/pcbf_adapted/seed_1235/episode_0006,1,1
safedpa_adapted,SafeDPA-adapted,1235,6,safedpa_adapted__seed_1235__episode_0006,completed,,0,2,1,2,"[""human_distance_violation"", ""near_collision""]",22.735800981521606,/mnt/data/students/lph/recording/codex_goal_full_sota_online_comparison_20260606_235526/online/large_stage1_2seed10ep_all_methods/lane_v2_safedpa_adapted__seed_1235__ep_006_008/online/safedpa_adapted/seed_1235/episode_0006,1,1
safer_splat_cbf_adapted,SAFER-Splat-CBF-adapted,1235,6,safer_splat_cbf_adapted__seed_1235__episode_0006,completed,,0,4,4,2,"[""human_distance_violation"", ""near_collision""]",20.738513946533203,/mnt/data/students/lph/recording/codex_goal_full_sota_online_comparison_20260606_235526/online/large_stage1_2seed10ep_all_methods/lane_v2_safer_splat_cbf_adapted__seed_1235__ep_006_008/online/safer_splat_cbf_adapted/seed_1235/episode_0006,1,1
clbf_lbac_adapted,CLBF-LBAC-adapted,1235,7,clbf_lbac_adapted__seed_1235__episode_0007,completed,,0,6,8,20,"[""collision"", ""fall"", ""near_collision""]",18.792362689971924,/mnt/data/students/lph/recording/codex_goal_full_sota_online_comparison_20260606_235526/online/large_stage1_2seed10ep_all_methods/lane_v2_clbf_lbac_adapted__seed_1235__ep_006_008/online/clbf_lbac_adapted/seed_1235/episode_0007,1,1
mpc_cbf_humanoid_adapted,MPC-CBF-Humanoid-adapted,1235,7,mpc_cbf_humanoid_adapted__seed_1235__episode_0007,completed,,0,6,6,10,"[""collision"", ""fall"", ""near_collision""]",17.4342942237854,/mnt/data/students/lph/recording/codex_goal_full_sota_online_comparison_20260606_235526/online/large_stage1_2seed10ep_all_methods/lane_v2_mpc_cbf_humanoid_adapted__seed_1235__ep_006_008/online/mpc_cbf_humanoid_adapted/seed_1235/episode_0007,1,1
pcbf_adapted,PCBF-adapted,1235,7,pcbf_adapted__seed_1235__episode_0007,completed,,0,6,6,7,"[""collision"", ""fall"", ""near_collision""]",17.333760023117065,/mnt/data/students/lph/recording/codex_goal_full_sota_online_comparison_20260606_235526/online/large_stage1_2seed10ep_all_methods/lane_v2_pcbf_adapted__seed_1235__ep_006_008/online/pcbf_adapted/seed_1235/episode_0007,1,1
safedpa_adapted,SafeDPA-adapted,1235,7,safedpa_adapted__seed_1235__episode_0007,completed,,0,6,7,45,"[""collision"", ""fall"", ""near_collision""]",17.416969776153564,/mnt/data/students/lph/recording/codex_goal_full_sota_online_comparison_20260606_235526/online/large_stage1_2seed10ep_all_methods/lane_v2_safedpa_adapted__seed_1235__ep_006_008/online/safedpa_adapted/seed_1235/episode_0007,1,1
safer_splat_cbf_adapted,SAFER-Splat-CBF-adapted,1235,7,safer_splat_cbf_adapted__seed_1235__episode_0007,completed,,0,6,6,19,"[""collision"", ""fall"", ""near_collision""]",17.161669492721558,/mnt/data/students/lph/recording/codex_goal_full_sota_online_comparison_20260606_235526/online/large_stage1_2seed10ep_all_methods/lane_v2_safer_splat_cbf_adapted__seed_1235__ep_006_008/online/safer_splat_cbf_adapted/seed_1235/episode_0007,1,1
clbf_lbac_adapted,CLBF-LBAC-adapted,1235,8,clbf_lbac_adapted__seed_1235__episode_0008,completed,,0,1,3,5,"[""human_distance_violation""]",25.991562604904175,/mnt/data/students/lph/recording/codex_goal_full_sota_online_comparison_20260606_235526/online/large_stage1_2seed10ep_all_methods/lane_v2_clbf_lbac_adapted__seed_1235__ep_008_010/online/clbf_lbac_adapted/seed_1235/episode_0008,1,1
mpc_cbf_humanoid_adapted,MPC-CBF-Humanoid-adapted,1235,8,mpc_cbf_humanoid_adapted__seed_1235__episode_0008,completed,,1,2,0,0,[],23.050836086273193,/mnt/data/students/lph/recording/codex_goal_full_sota_online_comparison_20260606_235526/online/large_stage1_2seed10ep_all_methods/lane_v2_mpc_cbf_humanoid_adapted__seed_1235__ep_008_010/online/mpc_cbf_humanoid_adapted/seed_1235/episode_0008,1,1
pcbf_adapted,PCBF-adapted,1235,8,pcbf_adapted__seed_1235__episode_0008,completed,,0,0,2,2,"[""human_distance_violation""]",26.63964867591858,/mnt/data/students/lph/recording/codex_goal_full_sota_online_comparison_20260606_235526/online/large_stage1_2seed10ep_all_methods/lane_v2_pcbf_adapted__seed_1235__ep_008_010/online/pcbf_adapted/seed_1235/episode_0008,1,1
safedpa_adapted,SafeDPA-adapted,1235,8,safedpa_adapted__seed_1235__episode_0008,completed,,1,1,0,0,[],24.735944986343384,/mnt/data/students/lph/recording/codex_goal_full_sota_online_comparison_20260606_235526/online/large_stage1_2seed10ep_all_methods/lane_v2_safedpa_adapted__seed_1235__ep_008_010/online/safedpa_adapted/seed_1235/episode_0008,1,1
safer_splat_cbf_adapted,SAFER-Splat-CBF-adapted,1235,8,safer_splat_cbf_adapted__seed_1235__episode_0008,completed,,0,0,2,2,"[""human_distance_violation""]",27.122879028320312,/mnt/data/students/lph/recording/codex_goal_full_sota_online_comparison_20260606_235526/online/large_stage1_2seed10ep_all_methods/lane_v2_safer_splat_cbf_adapted__seed_1235__ep_008_010/online/safer_splat_cbf_adapted/seed_1235/episode_0008,1,1
clbf_lbac_adapted,CLBF-LBAC-adapted,1235,9,clbf_lbac_adapted__seed_1235__episode_0009,completed,,0,7,8,13,"[""collision"", ""human_distance_violation"", ""near_collision""]",17.865627765655518,/mnt/data/students/lph/recording/codex_goal_full_sota_online_comparison_20260606_235526/online/large_stage1_2seed10ep_all_methods/lane_v2_clbf_lbac_adapted__seed_1235__ep_008_010/online/clbf_lbac_adapted/seed_1235/episode_0009,1,1
mpc_cbf_humanoid_adapted,MPC-CBF-Humanoid-adapted,1235,9,mpc_cbf_humanoid_adapted__seed_1235__episode_0009,completed,,1,3,0,0,[],22.058793783187866,/mnt/data/students/lph/recording/codex_goal_full_sota_online_comparison_20260606_235526/online/large_stage1_2seed10ep_all_methods/lane_v2_mpc_cbf_humanoid_adapted__seed_1235__ep_008_010/online/mpc_cbf_humanoid_adapted/seed_1235/episode_0009,1,1
pcbf_adapted,PCBF-adapted,1235,9,pcbf_adapted__seed_1235__episode_0009,completed,,0,4,4,2,"[""human_distance_violation"", ""near_collision""]",21.66292428970337,/mnt/data/students/lph/recording/codex_goal_full_sota_online_comparison_20260606_235526/online/large_stage1_2seed10ep_all_methods/lane_v2_pcbf_adapted__seed_1235__ep_008_010/online/pcbf_adapted/seed_1235/episode_0009,1,1
safedpa_adapted,SafeDPA-adapted,1235,9,safedpa_adapted__seed_1235__episode_0009,completed,,0,4,4,2,"[""human_distance_violation"", ""near_collision""]",21.68819308280945,/mnt/data/students/lph/recording/codex_goal_full_sota_online_comparison_20260606_235526/online/large_stage1_2seed10ep_all_methods/lane_v2_safedpa_adapted__seed_1235__ep_008_010/online/safedpa_adapted/seed_1235/episode_0009,1,1
safer_splat_cbf_adapted,SAFER-Splat-CBF-adapted,1235,9,safer_splat_cbf_adapted__seed_1235__episode_0009,completed,,0,7,8,11,"[""collision"", ""human_distance_violation"", ""near_collision""]",17.879862070083618,/mnt/data/students/lph/recording/codex_goal_full_sota_online_comparison_20260606_235526/online/large_stage1_2seed10ep_all_methods/lane_v2_safer_splat_cbf_adapted__seed_1235__ep_008_010/online/safer_splat_cbf_adapted/seed_1235/episode_0009,1,1
